General : Specimen number (included),1,,,
Specimen choice input : Material,<None>,,,
Specimen properties : Geometry,Rectangular,,,
Specimen properties : Length,50,mm,,
Specimen properties : Thickness,2.9,mm,,
Specimen properties : Width,11.7,mm,,
Specimen properties : Area,33.93,mm^2,,
Specimen properties : Final length,50,mm,,
Specimen properties : Final thickness,3,mm,,
Specimen properties : Final width,12,mm,,
Specimen properties : Final area,36,mm^2,,
,,,,
Time,Extension,Load,Tensile strain (Strain 1),Tensile stress
(s),(mm),(N),(mm/mm),(MPa)
0,0,0.123,0,0.00363
0.2,0.01663,456.79849,0.00005,13.46297
0.4,0.03348,963.03577,0.00012,28.38302
0.6,0.05005,1413.7998,0.00019,41.66813
0.8,0.06678,1833.57983,0.00025,54.04008
1,0.08338,2227.32153,0.00031,65.64461
1.2,0.10013,2602.58618,0.00038,76.70457
1.4,0.11683,2954.01953,0.00043,87.06217
1.6,0.1334,3287.56274,0.00049,96.8925
1.8,0.15022,3619.7937,0.00054,106.68417
2,0.16676,3942.48657,0.0006,116.19471
2.2,0.18339,4258.79102,0.00066,125.51698
2.4,0.20021,4570.20508,0.00071,134.69511
2.6,0.21675,4873.93164,0.00077,143.64667
2.8,0.23342,5170.93701,0.00083,152.40015
3,0.25011,5466.19434,0.00088,161.1021
3.2,0.26675,5750.24023,0.00094,169.47363
3.4,0.2835,6013.76758,0.00099,177.24042
3.6,0.30007,6285.52588,0.00105,185.2498
3.8,0.31677,6533.35156,0.00111,192.55383
4,0.33352,6789.65088,0.00117,200.1076
4.2,0.3501,7029.57373,0.00122,207.17871
4.4,0.36682,7274.88867,0.00128,214.40874
4.6,0.38351,7506.06494,0.00135,221.22208
4.8,0.40009,7720.64307,0.00141,227.54622
5,0.41684,7925.21777,0.00147,233.57553
5.2,0.43342,8120.20752,0.00153,239.32236
5.4,0.45017,8311.07324,0.00159,244.94763
5.6,0.4668,8496.61816,0.00166,250.41609
5.8,0.48341,8673.29102,0.00173,255.62308
6,0.50019,8848.22461,0.0018,260.77881
6.2,0.51686,9014.53418,0.00187,265.68036
6.4,0.53343,9170.33008,0.00194,270.27203
6.6,0.55015,9324.56543,0.00202,274.81772
6.8,0.56682,9468.98438,0.0021,279.0741
7,0.58348,9609.31152,0.00218,283.2099
7.2,0.60009,9741.32422,0.00227,287.10062
7.4,0.61675,9863.91504,0.00236,290.71368
7.6,0.63357,9984.57031,0.00245,294.26968
7.8,0.65014,10096.35449,0.00254,297.56424
8,0.66677,10204.44238,0.00264,300.74985
8.2,0.68353,10310.58398,0.00274,303.87811
8.4,0.70013,10406.19238,0.00284,306.69592
8.6,0.71689,10503.07617,0.00295,309.5513
8.8,0.73349,10593.39453,0.00306,312.21323
9,0.75012,10676.68457,0.00318,314.66797
9.2,0.76685,10758.84961,0.0033,317.08957
9.4,0.78345,10831.80957,0.00342,319.2399
9.6,0.80015,10904.33984,0.00355,321.37753
9.8,0.8169,10970.03711,0.00368,323.31378
10,0.83344,11031.49902,0.00382,325.12521
10.2,0.85014,11085.60059,0.00396,326.71973
10.4,0.86686,11141.31934,0.0041,328.36191
10.6,0.88353,11188.00879,0.00426,329.73795
10.8,0.90022,11239.01367,0.00442,331.24118
11,0.91682,11279.69141,0.00458,332.44006
11.2,0.93352,11313.87402,0.00476,333.44751
11.4,0.95009,11345.21191,0.00494,334.37112
11.6,0.96682,11370.25879,0.00512,335.10931
11.8,0.98351,11394.66602,0.0053,335.82864
12,1.00014,11414.33984,0.00549,336.40848
12.2,1.01684,11432.73145,0.00567,336.95053
12.4,1.0335,11451.89648,0.00586,337.51538
12.6,1.05026,11469.39648,0.00605,338.03113
12.8,1.06683,11486.36523,0.00623,338.53125
13,1.08349,11505.57227,0.00641,339.09732
13.2,1.10013,11522.57129,0.0066,339.59833
13.4,1.11682,11543.16113,0.00678,340.20517
13.6,1.13346,11499.94434,0.00691,338.93146
13.8,1.15015,11565.81543,0.00708,340.87283
14,1.16684,11594.93359,0.00725,341.73102
14.2,1.18348,11531.48926,0.0074,339.86115
14.4,1.20017,11617.76562,0.00755,342.40393
14.6,1.21681,11646.78906,0.00772,343.25934
14.8,1.23356,11667.80078,0.00789,343.8786
15,1.2502,11689.76953,0.00806,344.52606
15.2,1.26683,11709.13672,0.00823,345.09686
15.4,1.28346,11731.93457,0.00841,345.76877
15.6,1.30016,11755.02246,0.00858,346.44922
15.8,1.31679,11775.23926,0.00875,347.04507
16,1.33349,11798.8877,0.00892,347.74203
16.2,1.35015,11822.04395,0.00909,348.42453
16.4,1.36684,11843.2666,0.00926,349.04999
16.6,1.38354,11803.55957,0.00941,347.87973
16.8,1.40017,11875.97266,0.00956,350.01392
17,1.41699,11906.69824,0.00973,350.91949
17.2,1.43338,11928.18457,0.00989,351.55273
17.4,1.45016,11906.43555,0.01003,350.91174
17.6,1.4668,11966.24609,0.01018,352.6745
17.8,1.48349,11992.12109,0.01035,353.4371
18,1.50022,12015.55176,0.01052,354.12766
18.2,1.51685,12037.82227,0.01069,354.78403
18.4,1.53354,12060.86719,0.01086,355.46323
18.6,1.55015,12081.42188,0.01103,356.06903
18.8,1.56681,12105.93164,0.0112,356.79138
19,1.58348,12126.78613,0.01137,357.40601
19.2,1.6002,12151.34473,0.01154,358.12982
19.4,1.61674,12171.81641,0.01171,358.73315
19.6,1.6335,12179.22949,0.01188,358.95166
19.8,1.65013,12197.82812,0.01201,359.49979
20,1.66686,12230.62305,0.01218,360.46634
20.2,1.68352,12256.67773,0.01234,361.23422
20.4,1.70009,12277.10449,0.01251,361.83627
20.6,1.71691,12270.41504,0.01264,361.6391
20.8,1.73345,12312.31055,0.0128,362.87387
21,1.75021,12337.14941,0.01297,363.60593
21.2,1.76687,12358.44727,0.01314,364.23364
21.4,1.78357,12380.42969,0.01331,364.8815
21.6,1.80011,12399.12891,0.01348,365.43262
21.8,1.8168,12422.07422,0.01365,366.10889
22,1.83344,12442.99805,0.01382,366.72556
22.2,1.85019,12463.88574,0.014,367.34116
22.4,1.8668,12485.6543,0.01416,367.98273
22.6,1.88346,12504.74121,0.01434,368.54526
22.8,1.90033,12527.99219,0.01451,369.23053
23,1.91679,12474.66016,0.01465,367.65872
23.2,1.93354,12549.85156,0.0148,369.87479
23.4,1.95015,12580.28418,0.01497,370.7717
23.6,1.96678,12600.26367,0.01514,371.36057
23.8,1.9835,12621.74512,0.01531,371.99365
24,2.00008,12586.92578,0.01545,370.96744
24.2,2.01683,12651.11133,0.01561,372.85916
24.4,2.03356,12674.10938,0.01577,373.53696
24.6,2.05013,12694.21582,0.01594,374.12955
24.8,2.06685,12714.04883,0.01611,374.71408
25,2.08352,12733.03906,0.01628,375.27377
25.2,2.10012,12751.45117,0.01645,375.81641
25.4,2.11688,12771.95801,0.01662,376.42081
25.6,2.13342,12790.75098,0.01679,376.97467
25.8,2.1502,12809.26465,0.01697,377.52032
26,2.16684,12829.72363,0.01713,378.12329
26.2,2.18341,12846.13867,0.0173,378.60709
26.4,2.20026,12867.0332,0.01747,379.2229
26.6,2.21677,12883.46094,0.01764,379.70706
26.8,2.23346,12903.20605,0.01781,380.289
27,2.25019,12865.45801,0.01795,379.17648
27.2,2.26691,12928.3457,0.0181,381.02994
27.4,2.28349,12950.77637,0.01827,381.69101
27.6,2.30015,12970.50098,0.01844,382.27234
27.8,2.31678,12987.90527,0.01861,382.78531
28,2.33351,12938.51172,0.01875,381.32956
28.2,2.35011,13011.11621,0.0189,383.46939
28.4,2.36678,13036.59082,0.01906,384.22018
28.6,2.38362,13057.97852,0.01923,384.85052
28.8,2.40007,13070.87402,0.0194,385.23059
29,2.41689,13089.90234,0.01957,385.79141
29.2,2.43349,13106.89746,0.01974,386.2923
29.4,2.45019,13122.19824,0.01991,386.74323
29.6,2.46685,13142.22949,0.02008,387.33362
29.8,2.48349,13158.22559,0.02026,387.80505
30,2.50012,13176.12695,0.02043,388.33264
30.2,2.51684,13191.98926,0.0206,388.80014
30.4,2.53348,13208.82031,0.02077,389.2962
30.6,2.55017,13225.9834,0.02094,389.80203
30.8,2.56684,13242.49609,0.02111,390.2887
31,2.58344,13257.43945,0.02127,390.72913
31.2,2.60022,13277.06543,0.02144,391.30756
31.4,2.61683,13291.49707,0.02161,391.73288
31.6,2.63355,13267.80273,0.02175,391.03455
31.8,2.65013,13316.20801,0.0219,392.46118
32,2.66679,13335.84668,0.02207,393.03998
32.2,2.68354,13354.31348,0.02224,393.58423
32.4,2.70009,13367.37598,0.02241,393.96924
32.6,2.71678,13384.05859,0.02258,394.46091
32.8,2.73348,13373.50781,0.0227,394.14993
33,2.75023,13410.01074,0.02286,395.22577
33.2,2.76683,13427.46289,0.02303,395.74014
33.4,2.78353,13443.22461,0.0232,396.20468
33.6,2.80022,13457.89844,0.02337,396.63715
33.8,2.81683,13474.20508,0.02354,397.11774
34,2.8334,13488.08008,0.02371,397.52667
34.2,2.85012,13504.34766,0.02388,398.0061
34.4,2.86685,13522.41602,0.02405,398.53864
34.6,2.88348,13534.07324,0.02422,398.8822
34.8,2.90015,13550.36816,0.02439,399.36246
35,2.91684,13565.52832,0.02456,399.80927
35.2,2.93354,13579.60254,0.02473,400.22406
35.4,2.95014,13595.59766,0.0249,400.69547
35.6,2.96686,13609.41406,0.02507,401.10269
35.8,2.98353,13625.04492,0.02524,401.56335
36,3.00013,13638.83301,0.02541,401.96973
36.2,3.0168,13654.42578,0.02558,402.42929
36.4,3.03349,13669.55469,0.02575,402.87518
36.6,3.05015,13682.89258,0.02592,403.26828
36.8,3.06682,13696.66797,0.02609,403.67426
37,3.08348,13713.80566,0.02626,404.17935
37.2,3.10012,13726.04785,0.02643,404.54016
37.4,3.1169,13655.09375,0.02657,402.44897
37.6,3.1335,13736.63965,0.02672,404.85233
37.8,3.1502,13762.71875,0.02688,405.62094
38,3.16686,13780.22852,0.02705,406.13699
38.2,3.18344,13792.55957,0.02722,406.50043
38.4,3.2001,13807.42383,0.02739,406.93851
38.6,3.21673,13772.46094,0.02752,405.90808
38.8,3.23355,13826.1709,0.02767,407.49103
39,3.25015,13844.46875,0.02784,408.0303
39.2,3.26682,13858.28516,0.02801,408.43753
39.4,3.2836,13871.59961,0.02818,408.82993
39.6,3.3002,13884.95898,0.02835,409.22366
39.8,3.31681,13896.6416,0.02852,409.56796
40,3.33356,13911.63574,0.02869,410.00989
40.2,3.35011,13925.68066,0.02886,410.42383
40.4,3.36677,13936.91309,0.02903,410.75488
40.6,3.38349,13952.45898,0.0292,411.21304
40.8,3.40013,13963.63086,0.02938,411.54233
41,3.41688,13977.95703,0.02955,411.96454
41.2,3.43343,13990.55859,0.02972,412.33594
41.4,3.45018,14004.08105,0.02989,412.73447
41.6,3.46688,14016.2666,0.03006,413.09363
41.8,3.48351,14029.39453,0.03024,413.48053
42,3.50017,14042.12012,0.03041,413.85559
42.2,3.51684,14055.84375,0.03058,414.26004
42.4,3.53347,14067.04492,0.03075,414.59018
42.6,3.5502,14080.43945,0.03092,414.98495
42.8,3.5668,14093.85547,0.03109,415.38034
43,3.58349,14104.38672,0.03126,415.69073
43.2,3.60016,14118.84766,0.03144,416.11694
43.4,3.61676,14130.04395,0.03161,416.44693
43.6,3.63355,14143.33398,0.03178,416.83859
43.8,3.65021,14156.28516,0.03195,417.22031
44,3.66684,14166.08496,0.03212,417.50912
44.2,3.68351,14179.56055,0.03229,417.90628
44.4,3.70011,14190.96289,0.03246,418.24234
44.6,3.71681,14204.19238,0.03263,418.63226
44.8,3.73347,14216.5293,0.0328,418.99585
45,3.7501,14228.55273,0.03297,419.35022
45.2,3.76692,14241.44922,0.03314,419.73029
45.4,3.78349,14251.95898,0.03331,420.04004
45.6,3.8001,14262.43945,0.03349,420.34894
45.8,3.81691,14229.53418,0.03361,419.37912
46,3.83345,14276.30176,0.03376,420.75748
46.2,3.85018,14293.9668,0.03393,421.27811
46.4,3.86681,14308.18262,0.0341,421.69708
46.6,3.88342,14318.29297,0.03427,421.99509
46.8,3.9002,14331.03809,0.03445,422.3707
47,3.91674,14288.24316,0.03455,421.10944
47.2,3.9335,14341.12598,0.03471,422.66803
47.4,3.95025,14360.66211,0.03488,423.2438
47.6,3.96677,14370.82324,0.03505,423.54327
47.8,3.98349,14382.75,0.03522,423.89478
48,4.00025,14394.75586,0.03539,424.24863
48.2,4.01685,14403.23438,0.03556,424.4985
48.4,4.03354,14415.45801,0.03573,424.85876
48.6,4.05009,14426.85156,0.0359,425.19455
48.8,4.06687,14436.56836,0.03607,425.48093
49,4.08344,14448.46289,0.03625,425.83151
49.2,4.10011,14458.56348,0.03642,426.12918
49.4,4.11683,14470.99414,0.03659,426.49554
49.6,4.13353,14482.31641,0.03676,426.82925
49.8,4.15019,14490.88574,0.03693,427.08182
50,4.16683,14500.99902,0.03711,427.37985
50.2,4.18358,14513.07715,0.03728,427.73584
50.4,4.20018,14523.58203,0.03745,428.04544
50.6,4.21679,14534.65527,0.03762,428.3718
50.8,4.23339,14543.84961,0.03779,428.64279
51,4.25021,14557.24121,0.03796,429.03748
51.2,4.26681,14565.58691,0.03813,429.28342
51.4,4.28344,14574.66895,0.03831,429.55109
51.6,4.3002,14588.4248,0.03848,429.95651
51.8,4.3168,14595.38184,0.03865,430.16156
52,4.33353,14607.6084,0.03882,430.52191
52.2,4.35016,14617.70996,0.03899,430.81961
52.4,4.36685,14627.30957,0.03917,431.10254
52.6,4.38352,14638.66211,0.03934,431.43713
52.8,4.40015,14647.11426,0.03951,431.68625
53,4.41685,14658.63574,0.03968,432.02582
53.2,4.43354,14668.14746,0.03985,432.30615
53.4,4.45011,14678.02637,0.04005,432.59729
53.6,4.46681,14688.78809,0.04038,432.91446
53.8,4.4835,14699.41406,0.04072,433.22763
54,4.50017,14706.29688,0.04105,433.43051
54.2,4.51692,14719.33691,0.04138,433.81482
54.4,4.53349,14726.63477,0.04172,434.02991
54.6,4.55025,14737.43066,0.04205,434.34808
54.8,4.56679,14746.53027,0.04238,434.61627
55,4.58343,14755.43848,0.04271,434.87881
55.2,4.60015,14703.3125,0.04305,433.34253
55.4,4.61679,14764.0498,0.04338,435.13263
55.6,4.63354,14783.49707,0.04372,435.70578
55.8,4.65017,14792.39355,0.04405,435.96799
56,4.6669,14802.44434,0.04438,436.26419
56.2,4.68347,14748.4082,0.04471,434.67163
56.4,4.70013,14806.76367,0.04505,436.39151
56.6,4.71683,14825.71094,0.04538,436.94992
56.8,4.73352,14838.24121,0.04572,437.31921
57,4.75013,14845.44531,0.04605,437.53156
57.2,4.76679,14853.71289,0.04638,437.77521
57.4,4.78349,14864.83789,0.04671,438.10309
57.6,4.80015,14870.50977,0.04705,438.27026
57.8,4.81684,14883.0752,0.04738,438.64059
58,4.83345,14890.52637,0.04771,438.8602
58.2,4.85023,14899.30273,0.04805,439.11884
58.4,4.86684,14907.25977,0.04838,439.35336
58.6,4.88353,14915.64648,0.04872,439.60056
58.8,4.90016,14925.53809,0.04905,439.89206
59,4.91689,14934.81836,0.04938,440.16559
59.2,4.93346,14942.35352,0.04971,440.38766
59.4,4.95016,14952.19727,0.05005,440.6778
59.6,4.96682,14959.98633,0.05038,440.90735
59.8,4.98351,14969.56934,0.05072,441.18979
60,5.00012,14978.90527,0.05105,441.46494
60.2,5.01684,14986.35449,0.05138,441.68448
60.4,5.03363,14996.90234,0.05172,441.99536
60.6,5.05011,15002.24023,0.05205,442.15268
60.8,5.06683,15012.33887,0.05238,442.45029
61,5.08347,15021.36621,0.05271,442.71637
61.2,5.1001,15028.27832,0.05305,442.92007
61.4,5.11683,15038.83594,0.05338,443.23123
61.6,5.13349,15046.87988,0.05371,443.46832
61.8,5.15022,15055.875,0.05405,443.73343
62,5.16685,15062.39453,0.05438,443.92557
62.2,5.18351,15070.4834,0.05472,444.16397
62.4,5.20018,15078.7207,0.05505,444.40674
62.6,5.21684,15087.93262,0.05538,444.67822
62.8,5.23345,15094.56055,0.05571,444.87357
63,5.25017,15104.27344,0.05605,445.15985
63.2,5.26677,15112.75195,0.05638,445.40973
63.4,5.28353,15119.51562,0.05672,445.60907
63.6,5.30013,15129.12695,0.05705,445.89233
63.8,5.3168,15136.0957,0.05738,446.09772
64,5.33358,15144.95312,0.05772,446.35876
64.2,5.35009,15151.92285,0.05805,446.56418
64.4,5.36685,15160.96582,0.05838,446.83069
64.6,5.38354,15169.25293,0.05872,447.07495
64.8,5.40024,15176.49121,0.05905,447.28827
65,5.41681,15183.21484,0.05938,447.48642
65.2,5.43347,15192.57324,0.05971,447.76224
65.4,5.45014,15199.81738,0.06005,447.97574
65.6,5.46683,15207.43945,0.06038,448.20038
65.8,5.48344,15215.80664,0.06071,448.44699
66,5.50016,15222.81934,0.06105,448.65369
66.2,5.51694,15171.91406,0.06138,447.15338
66.4,5.53343,15226.19727,0.06171,448.75323
66.6,5.55021,15243.52148,0.06205,449.26382
66.8,5.56682,15251.63477,0.06238,449.50293
67,5.58351,15258.59277,0.06272,449.70801
67.2,5.60017,15267.17285,0.06305,449.96088
67.4,5.61675,15273.41504,0.06338,450.14487
67.6,5.6335,15282.63086,0.06372,450.41647
67.8,5.6502,15287.98145,0.06405,450.57416
68,5.66683,15295.69727,0.06438,450.80157
68.2,5.68353,15303.04395,0.06472,451.0181
68.4,5.70019,15310.52246,0.06505,451.23849
68.6,5.71676,15315.20605,0.06538,451.37653
68.8,5.73355,15325.16016,0.06572,451.66992
69,5.75012,15331.69336,0.06605,451.86246
69.2,5.76691,15339.42383,0.06638,452.0903
69.4,5.78348,15346.51562,0.06671,452.29932
69.6,5.80008,15352.33008,0.06705,452.47067
69.8,5.8169,15361.76953,0.06738,452.74887
70,5.83344,15367.02637,0.06771,452.90381
70.2,5.85017,15375.83008,0.06805,453.16327
70.4,5.86683,15382.24414,0.06838,453.35233
70.6,5.88358,15389.59473,0.06872,453.56894
70.8,5.90022,15302.26953,0.06905,450.99527
71,5.91685,15382.17773,0.06938,453.35034
71.2,5.93352,15404.73242,0.06972,454.01511
71.4,5.95018,15415.47754,0.07005,454.33179
71.6,5.96675,15421.5918,0.07038,454.51199
71.8,5.98345,15427.77734,0.07071,454.69427
72,6.00023,15437.41797,0.07105,454.97842
72.2,6.01681,15440.19238,0.07138,455.06018
72.4,6.03353,15448.48828,0.07172,455.30469
72.6,6.05013,15453.72949,0.07205,455.45917
72.8,6.06686,15460.56836,0.07238,455.66071
73,6.08355,15469.33691,0.07272,455.91916
73.2,6.10019,15473.91309,0.07305,456.05402
73.4,6.11679,15481.83398,0.07338,456.28748
73.6,6.13351,15487.25195,0.07372,456.44714
73.8,6.15012,15494.22168,0.07405,456.65256
74,6.16687,15501.49609,0.07438,456.86697
74.2,6.18351,15506.88867,0.07472,457.02588
74.4,6.20014,15513.14746,0.07505,457.21036
74.6,6.21687,15521.45605,0.07538,457.45523
74.8,6.23344,15525.9248,0.07571,457.58694
75,6.25022,15533.4668,0.07605,457.8092
75.2,6.26686,15539.16504,0.07638,457.97714
75.4,6.28349,15544.65332,0.07671,458.13892
75.6,6.30019,15553.52051,0.07705,458.40024
75.8,6.31676,15557.27734,0.07738,458.51096
76,6.33345,15565.66211,0.07771,458.75809
76.2,6.35018,15571.98047,0.07805,458.94431
76.4,6.3669,15578.13281,0.07838,459.12564
76.6,6.38351,15583.17383,0.07872,459.2742
76.8,6.4002,15590.16992,0.07905,459.48041
77,6.41686,15594.9873,0.07938,459.62238
77.2,6.4335,15602.20703,0.07972,459.83514
77.4,6.45013,15607.12012,0.08005,459.97995
77.6,6.46683,15613.83887,0.08038,460.17798
77.8,6.48349,15622.57715,0.08071,460.43552
78,6.50009,15624.66797,0.08105,460.49713
78.2,6.51685,15633.64746,0.08138,460.76178
78.4,6.53351,15638.62891,0.08172,460.9086
78.6,6.55021,15643.91211,0.08205,461.0643
78.8,6.56681,15651.39551,0.08238,461.28485
79,6.58353,15656.00293,0.08272,461.42065
79.2,6.6002,15662.54688,0.08305,461.61353
79.4,6.61686,15668.4834,0.08338,461.78848
79.6,6.6335,15674.13965,0.08372,461.9552
79.8,6.65019,15681.03906,0.08405,462.15854
80,6.66682,15685.25684,0.08438,462.28284
80.2,6.68349,15690.54395,0.08471,462.43866
80.4,6.70015,15698.95117,0.08505,462.68643
80.6,6.71682,15702.24316,0.08538,462.78348
80.8,6.73348,15709.16504,0.08571,462.98746
81,6.75017,15714.88379,0.08605,463.15601
81.2,6.7669,15719.51074,0.08638,463.29239
81.4,6.78359,15727.24902,0.08672,463.52045
81.6,6.80017,15729.93359,0.08705,463.59958
81.8,6.8168,15736.97168,0.08738,463.80701
82,6.83343,15742.25879,0.08771,463.96283
82.2,6.85019,15692.64941,0.08805,462.5007
82.4,6.86679,15745.08887,0.08838,464.04623
82.6,6.88349,15759.12402,0.08871,464.45987
82.8,6.90024,15764.86035,0.08905,464.62894
83,6.91685,15769.72168,0.08938,464.77222
83.2,6.93348,15774.13086,0.08971,464.90216
83.4,6.95023,15779.83984,0.09005,465.07043
83.6,6.96678,15785.21387,0.09038,465.22882
83.8,6.98347,15789.2627,0.09071,465.34814
84,7.0001,15797.29492,0.09105,465.58487
84.2,7.0168,15801.55176,0.09138,465.71033
84.4,7.03352,15806.41895,0.09172,465.85379
84.6,7.05013,15811.9707,0.09205,466.0174
84.8,7.06685,15817.70312,0.09238,466.18634
85,7.08352,15821.91406,0.09272,466.31046
85.2,7.10015,15827.04004,0.09305,466.46155
85.4,7.11684,15832.62109,0.09338,466.62604
85.6,7.13354,15839.11621,0.09372,466.81744
85.8,7.15017,15842.25879,0.09405,466.91006
86,7.16687,15848.37891,0.09438,467.09045
86.2,7.18341,15853.42578,0.09471,467.2392
86.4,7.20022,15858.10938,0.09505,467.37723
86.6,7.21683,15864.77637,0.09538,467.57373
86.8,7.23343,15868.55371,0.09571,467.68506
87,7.25022,15875.21289,0.09605,467.88132
87.2,7.26682,15879.79785,0.09638,468.01645
87.4,7.28355,15883.25195,0.09672,468.11823
87.6,7.30018,15887.96777,0.09705,468.25723
87.8,7.31684,15893.30176,0.09738,468.41443
88,7.33348,15898.83984,0.09771,468.57764
88.2,7.35011,15904.36426,0.09805,468.74048
88.4,7.36677,15908.7373,0.09838,468.86935
88.6,7.38359,15915.70703,0.09872,469.07477
88.8,7.40013,15918.43652,0.09905,469.15521
89,7.4168,15923.0498,0.09938,469.29117
89.2,7.43355,15929.92578,0.09972,469.49384
89.4,7.45009,15931.44727,0.10005,469.53867
89.6,7.46691,15938.60059,0.10038,469.74951
89.8,7.48348,15943.30859,0.10071,469.88824
90,7.50012,15947.60449,0.10105,470.01486
90.2,7.51684,15952.98926,0.10138,470.17355
90.4,7.53344,15956.7373,0.10171,470.28403
90.6,7.55017,15963.27441,0.10205,470.47668
90.8,7.56689,15966.78223,0.10238,470.58008
91,7.58344,15971.18848,0.10271,470.70993
91.2,7.60016,15976.33789,0.10305,470.86169
91.4,7.61686,15981.76172,0.10338,471.02158
91.6,7.63358,15985.35449,0.10372,471.12744
91.8,7.65027,15991.24121,0.10405,471.30093
92,7.66676,15993.65918,0.10438,471.37222
92.2,7.68357,15999.62695,0.10472,471.5481
92.4,7.70012,16004.72754,0.10505,471.69843
92.6,7.71678,16008.42285,0.10538,471.80734
92.8,7.73356,16015.48926,0.10572,472.01559
93,7.75014,16017.60059,0.10605,472.07782
93.2,7.76683,16021.99121,0.10638,472.20721
93.4,7.7835,16025.89648,0.10672,472.32233
93.6,7.80025,16031.04883,0.10705,472.47418
93.8,7.81682,16034.71387,0.10738,472.58218
94,7.83349,16040.02539,0.10771,472.73874
94.2,7.85009,16043.72559,0.10805,472.84778
94.4,7.86682,16050.1543,0.10838,473.03726
94.6,7.88345,16052.9541,0.10871,473.11978
94.8,7.90014,16056.68359,0.10905,473.22971
95,7.9169,16064.40723,0.10938,473.45734
95.2,7.93344,16063.67383,0.10971,473.4357
95.4,7.9502,16072.36719,0.11005,473.69193
95.6,7.96683,16075.58691,0.11038,473.7868
95.8,7.98353,16077.94141,0.11072,473.8562
96,8.00022,16084.01562,0.11105,474.03525
96.2,8.01682,16086.15332,0.11138,474.09824
96.4,8.03346,16092.28516,0.11171,474.27896
96.6,8.05021,16097.30859,0.11205,474.427
96.8,8.06678,16099.45996,0.11238,474.49042
97,8.08348,16104.41309,0.11271,474.63638
97.2,8.10017,16109.45801,0.11305,474.7851
97.4,8.11684,16111.86133,0.11338,474.85593
97.6,8.13353,16118.70703,0.11372,475.05768
97.8,8.1502,16120.08203,0.11405,475.09821
98,8.16701,16125.9209,0.11439,475.27029
98.2,8.18343,16127.46875,0.11471,475.31592
98.4,8.20007,16131.75586,0.11505,475.44226
98.6,8.21679,16138.76367,0.11538,475.6488
98.8,8.23349,16141.05371,0.11571,475.71628
99,8.25015,16145.49414,0.11605,475.84717
99.2,8.26684,16150.01367,0.11638,475.98035
99.4,8.28354,16153.70508,0.11672,476.08914
99.6,8.30017,16141.58887,0.11705,475.73206
99.8,8.31684,16105.50586,0.11738,474.66861
100,8.3335,16152.05078,0.11772,476.04041
100.2,8.35022,16169.00977,0.11805,476.54022
100.4,8.36677,16171.9541,0.11838,476.62698
100.6,8.38346,16176.29785,0.11871,476.755
100.8,8.40016,16181.30664,0.11905,476.90265
101,8.41685,16181.95898,0.11938,476.92188
101.2,8.43352,16188.36719,0.11972,477.11072
101.4,8.45015,16190.45703,0.12005,477.17233
101.6,8.4669,16194.56445,0.12038,477.29337
101.8,8.48348,16198.10059,0.12071,477.39758
102,8.5002,16201.35156,0.12105,477.49341
102.2,8.5168,16205.01172,0.12138,477.60129
102.4,8.53362,16210.35059,0.12172,477.75864
102.6,8.55013,16211.7793,0.12205,477.80075
102.8,8.56677,16216.32715,0.12238,477.93478
103,8.58349,16220.44922,0.12271,478.05627
103.2,8.60019,16223.24609,0.12305,478.1387
103.4,8.61679,16228.33496,0.12338,478.28867
103.6,8.63348,16230.67578,0.12371,478.35767
103.8,8.6503,16236.33496,0.12405,478.52444
104,8.66681,16236.6416,0.12438,478.53351
104.2,8.68354,16240.45996,0.12472,478.64603
104.4,8.70014,16245.6543,0.12505,478.79913
104.6,8.7168,16247.51367,0.12538,478.85391
104.8,8.73347,16252.10156,0.12571,478.98914
105,8.75013,16256.47363,0.12605,479.11798
105.2,8.76692,16261.00098,0.12638,479.25143
105.4,8.78349,16261.25098,0.12671,479.25879
105.6,8.80018,16266.55762,0.12705,479.41519
105.8,8.81685,16269.33398,0.12738,479.49701
106,8.83351,16273.08594,0.12772,479.6076
106.2,8.85015,16275.55664,0.12805,479.68042
106.4,8.86687,16279.53906,0.12838,479.79779
106.6,8.88344,16284.38867,0.12871,479.9407
106.8,8.9002,16285.84863,0.12905,479.98373
107,8.9168,16291.56445,0.12938,480.15219
107.2,8.93344,16292.49023,0.12971,480.1795
107.4,8.95025,16297.79004,0.13005,480.33569
107.6,8.96676,16300.01953,0.13038,480.4014
107.8,8.98349,16303.75098,0.13071,480.51138
108,9.00018,16307.44141,0.13105,480.62015
108.2,9.01697,16311.16992,0.13138,480.73001
108.4,9.03351,16312.11816,0.13172,480.75797
108.6,9.05011,16316.62988,0.13205,480.89093
108.8,9.06681,16319.99609,0.13238,480.99014
109,9.0835,16323.61719,0.13272,481.09686
109.2,9.10011,16327.30371,0.13305,481.20554
109.4,9.11683,16329.7832,0.13338,481.27859
109.6,9.13358,16336.03906,0.13372,481.46298
109.8,9.1501,16334.54688,0.13405,481.41901
110,9.16688,16339.45508,0.13438,481.56366
110.2,9.18349,16342.28418,0.13471,481.64703
110.4,9.20021,16344.75,0.13505,481.71973
110.6,9.21684,16349.61621,0.13538,481.86313
110.8,9.23342,16351.31055,0.13571,481.91306
111,9.25017,16356.00586,0.13605,482.05145
111.2,9.26687,16358.09375,0.13638,482.11298
111.4,9.28347,16361.04395,0.13671,482.19992
111.6,9.30019,16364.81445,0.13705,482.31107
111.8,9.3168,16367.08789,0.13738,482.37805
112,9.33343,16369.29785,0.13771,482.44321
112.2,9.35025,16374.70703,0.13805,482.60263
112.4,9.36676,16375.54883,0.13838,482.62744
112.6,9.38355,16379.33691,0.13872,482.73907
112.8,9.40015,16383.31738,0.13905,482.85638
113,9.41675,16384.95898,0.13938,482.90475
113.2,9.43357,16390.08594,0.13972,483.05588
113.4,9.45008,16390.12891,0.14005,483.05713
113.6,9.46681,16395.00977,0.14038,483.20099
113.8,9.48347,16397.92383,0.14071,483.28687
114,9.50025,16401.75391,0.14105,483.39975
114.2,9.51686,16402.8457,0.14138,483.43195
114.4,9.53355,16406.72461,0.14172,483.54626
114.6,9.55019,16408.5293,0.14205,483.59946
114.8,9.56685,16412.4668,0.14238,483.71548
115,9.5834,16414.26367,0.14271,483.76846
115.2,9.60018,16418.68359,0.14305,483.89871
115.4,9.61684,16422.80078,0.14338,484.02005
115.6,9.63348,16422.17969,0.14371,484.00177
115.8,9.65014,16426.18945,0.14405,484.11993
116,9.66683,16428.89062,0.14438,484.19955
116.2,9.6835,16430.95898,0.14472,484.2605
116.4,9.70016,16435.3125,0.14505,484.38882
116.6,9.71686,16436.35547,0.14538,484.41956
116.8,9.73349,16439.69727,0.14571,484.51804
117,9.75019,16442.49414,0.14605,484.60046
117.2,9.76679,16445.43945,0.14638,484.68729
117.4,9.78354,16449.0625,0.14672,484.79407
117.6,9.80018,16450.91602,0.14705,484.84869
117.8,9.81681,16452.36719,0.14738,484.89145
118,9.83351,16457.77148,0.14772,485.05072
118.2,9.85011,16457.79102,0.14805,485.0513
118.4,9.86686,16462.57617,0.14838,485.19235
118.6,9.8835,16464.05273,0.14872,485.23587
118.8,9.90022,16466.57812,0.14905,485.31027
119,9.91689,16470.6582,0.14938,485.43054
119.2,9.93343,16469.95117,0.14971,485.4097
119.4,9.95009,16474.54688,0.15005,485.54514
119.6,9.96682,16477.42188,0.15038,485.62988
119.8,9.98354,16480.6875,0.15072,485.72614
120,10.00015,16482.22656,0.15105,485.77148
120.2,10.01684,16486.07617,0.15138,485.88495
120.4,10.03356,16487.3457,0.15172,485.92236
120.6,10.0502,16490.07812,0.15205,486.0029
120.8,10.0668,16491.36328,0.15238,486.04077
121,10.08353,16494.69141,0.15272,486.13885
121.2,10.1001,16498.07617,0.15305,486.23862
121.4,10.1168,16498.99414,0.15338,486.26566
121.6,10.13349,16504.06055,0.15371,486.41498
121.8,10.15015,16504.59375,0.15405,486.43069
122,10.16688,16507.42188,0.15438,486.51404
122.2,10.18348,16510.30664,0.15471,486.59906
122.4,10.2002,16512.6543,0.15505,486.66827
122.6,10.21684,16514.51953,0.15538,486.72324
122.8,10.23353,16517.04688,0.15572,486.79773
123,10.25017,16519.61133,0.15605,486.87329
123.2,10.26686,16522.96289,0.15638,486.97208
123.4,10.28349,16523.83594,0.15672,486.9978
123.6,10.30016,16526.35352,0.15705,487.07202
123.8,10.31679,16530.23438,0.15738,487.1864
124,10.33349,16530.17383,0.15771,487.1846
124.2,10.35015,16535.2793,0.15805,487.33508
124.4,10.36682,16535.89062,0.15838,487.35309
124.6,10.38357,16538.71875,0.15872,487.43643
124.8,10.4002,16541.85742,0.15905,487.52896
125,10.41687,16541.71289,0.15938,487.52469
125.2,10.43347,16544.74414,0.15971,487.61401
125.4,10.45017,16547.26367,0.16005,487.68829
125.6,10.46683,16550.1582,0.16038,487.77359
125.8,10.4834,16551.96484,0.16071,487.82684
126,10.50013,16554.48633,0.16105,487.90115
126.2,10.51694,16557.73438,0.16138,487.99689
126.4,10.53349,16559.01172,0.16171,488.03452
126.6,10.55012,16560.07031,0.16205,488.06573
126.8,10.56693,16563.84766,0.16238,488.17706
127,10.58348,16564.4668,0.16271,488.19531
127.2,10.6002,16567.24023,0.16305,488.27704
127.4,10.61681,16570.46875,0.16338,488.37219
127.6,10.63347,16571.75195,0.16371,488.41
127.8,10.65019,16574.63477,0.16405,488.49496
128,10.6668,16575.52344,0.16438,488.52118
128.2,10.68349,16578.64258,0.16471,488.6131
128.4,10.70019,16580.3418,0.16505,488.66318
128.6,10.71676,16582.33789,0.16538,488.72202
128.8,10.73351,16584.31055,0.16572,488.78015
129,10.75018,16586.79688,0.16605,488.85342
129.2,10.7669,16588.99414,0.16638,488.91818
129.4,10.78354,16590.33008,0.16672,488.95755
129.6,10.80008,16592.7832,0.16705,489.02985
129.8,10.8169,16594.83984,0.16738,489.09048
130,10.83344,16597.11133,0.16771,489.15741
130.2,10.85013,16599.73047,0.16805,489.23462
130.4,10.86689,16602.57812,0.16838,489.31854
130.6,10.88346,16603.71484,0.16871,489.35205
130.8,10.90022,16605.07422,0.16905,489.39209
131,10.91685,16606.59375,0.16938,489.43689
131.2,10.93354,16608.80664,0.16972,489.50211
131.4,10.95015,16610.69922,0.17005,489.55789
131.6,10.96678,16613.34766,0.17038,489.63596
131.8,10.98341,16614.81836,0.17071,489.67929
132,11.00023,16618.8418,0.17105,489.79788
132.2,11.01677,16618.99219,0.17138,489.80231
132.4,11.0335,16620.48633,0.17172,489.84634
132.6,11.05025,16624.80078,0.17205,489.97348
132.8,11.06676,16622.62695,0.17238,489.90942
133,11.08352,16626.72852,0.17272,490.0303
133.2,11.10015,16628.75,0.17305,490.08987
133.4,11.11685,16630.44727,0.17338,490.13992
133.6,11.13354,16632.93555,0.17372,490.21326
133.8,11.15012,16632.89453,0.17405,490.21204
134,11.16681,16636.49609,0.17438,490.31818
134.2,11.18353,16638.16211,0.17472,490.36728
134.4,11.20008,16638.81445,0.17505,490.38651
134.6,11.21683,16642.33984,0.17538,490.49042
134.8,11.2335,16644.41797,0.17572,490.55167
135,11.25016,16644.57422,0.17605,490.55627
135.2,11.26691,16648.63867,0.17638,490.67606
135.4,11.28349,16647.875,0.17671,490.65353
135.6,11.3003,16651.12109,0.17705,490.74921
135.8,11.31679,16651.83008,0.17738,490.77011
136,11.33342,16652.91016,0.17771,490.80194
136.2,11.35017,16656.93555,0.17805,490.92059
136.4,11.36681,16657.21289,0.17838,490.92877
136.6,11.3835,16660.08398,0.17872,491.01337
136.8,11.40017,16660.88477,0.17905,491.03699
137,11.41686,16663.03906,0.17938,491.10046
137.2,11.43353,16664.28906,0.17972,491.1373
137.4,11.45019,16665.83203,0.18005,491.18277
137.6,11.46679,16667.17969,0.18038,491.2225
137.8,11.48352,16671.83398,0.18072,491.35968
138,11.50006,16671.01172,0.18105,491.33545
138.2,11.51682,16673.55273,0.18138,491.41034
138.4,11.53351,16676.01562,0.18172,491.48291
138.6,11.55014,16673.79297,0.18205,491.41742
138.8,11.56684,16679.07812,0.18238,491.57318
139,11.58347,16679.15625,0.18271,491.57547
139.2,11.60023,16680.67188,0.18305,491.62015
139.4,11.61683,16683.12305,0.18338,491.69238
139.6,11.63355,16683.57617,0.18372,491.70575
139.8,11.65013,16686.45117,0.18405,491.79047
140,11.66691,16688.58008,0.18438,491.85321
140.2,11.68343,16687.5918,0.18471,491.8241
140.4,11.70015,16691.41406,0.18505,491.93674
140.6,11.71681,16692.76172,0.18538,491.97647
140.8,11.73351,16693.94531,0.18572,492.01135
141,11.75017,16697.75,0.18605,492.12347
141.2,11.76684,16696.66992,0.18638,492.09164
141.4,11.78365,16700.79883,0.18672,492.21335
141.6,11.80013,16698.82617,0.18705,492.15521
141.8,11.8168,16700.84766,0.18738,492.21478
142,11.83346,16704.09375,0.18771,492.31046
142.2,11.85013,16703.61523,0.18805,492.29636
142.4,11.86679,16706.70312,0.18838,492.38736
142.6,11.88348,16707.97852,0.18871,492.42496
142.8,11.90024,16710.4668,0.18905,492.49829
143,11.91684,16709.85352,0.18938,492.48019
143.2,11.93351,16711.0918,0.18972,492.51669
143.4,11.95014,16712.77148,0.19005,492.56619
143.6,11.96687,16715.95703,0.19038,492.6601
143.8,11.98347,16715.06641,0.19071,492.63385
144,12.00013,16717.83789,0.19105,492.71552
144.2,12.0168,16720.72461,0.19138,492.8006
144.4,12.03352,16719.09766,0.19172,492.75266
144.6,12.05013,16722.79102,0.19205,492.86151
144.8,12.06682,16723.38086,0.19238,492.87888
145,12.08354,16725.6875,0.19272,492.94687
145.2,12.10009,16725.96289,0.19305,492.95499
145.4,12.11684,16727.88477,0.19338,493.01163
145.6,12.13348,16728.61133,0.19371,493.03305
145.8,12.15029,16731.32812,0.19405,493.11313
146,12.16683,16730.87891,0.19438,493.09988
146.2,12.18347,16733.06836,0.19471,493.1644
146.4,12.2001,16734.29688,0.19505,493.20062
146.6,12.21689,16736.56641,0.19538,493.26749
146.8,12.23346,16738.01172,0.19571,493.31009
147,12.25012,16737.58984,0.19605,493.29767
147.2,12.26691,16741.85742,0.19638,493.42343
147.4,12.28342,16739.02734,0.19671,493.34003
147.6,12.30024,16742.06055,0.19705,493.42941
147.8,12.31681,16743.31055,0.19738,493.46628
148,12.33356,16744.52344,0.19772,493.50201
148.2,12.35017,16746.78125,0.19805,493.56854
148.4,12.3668,16748.03516,0.19838,493.6055
148.6,12.38353,16750.32031,0.19872,493.67285
148.8,12.40016,16748.6875,0.19905,493.62473
149,12.41682,16751.3125,0.19938,493.70212
149.2,12.43352,16752.11133,0.19972,493.72565
149.4,12.45015,16753.86523,0.20005,493.77734
149.6,12.46682,16753.9082,0.20038,493.77859
149.8,12.48357,16756.2207,0.20072,493.84677
150,12.50014,16757.6543,0.20105,493.88901
150.2,12.5169,16757.4375,0.20138,493.88263
150.4,12.53344,16759.37109,0.20171,493.93961
150.6,12.55011,16759.66602,0.20205,493.9483
150.8,12.56689,16763.46289,0.20238,494.06021
151,12.5834,16762.11523,0.20271,494.02048
151.2,12.60019,16765.48633,0.20305,494.11984
151.4,12.61682,16765.5332,0.20338,494.12122
151.6,12.63358,16768.19727,0.20372,494.19974
151.8,12.65021,16767.28906,0.20405,494.17297
152,12.66688,16768.69922,0.20438,494.21454
152.2,12.68351,16769.31641,0.20472,494.23273
152.4,12.70017,16771.56445,0.20505,494.29898
152.6,12.71672,16771.53711,0.20538,494.29816
152.8,12.7335,16773.13867,0.20572,494.34537
153,12.75026,16777.00977,0.20605,494.45947
153.2,12.7668,16774.31445,0.20638,494.38004
153.4,12.78355,16777.23438,0.20672,494.46609
153.6,12.8001,16777.54688,0.20705,494.47528
153.8,12.81688,16777.72461,0.20738,494.48053
154,12.83349,16780,0.20771,494.54761
154.2,12.85015,16780.06055,0.20805,494.54938
154.4,12.86681,16783.18555,0.20838,494.64148
154.6,12.88351,16782.71484,0.20872,494.62759
154.8,12.90014,16783.83203,0.20905,494.66052
155,12.91687,16784.85352,0.20938,494.69064
155.2,12.93347,16785.08398,0.20971,494.69742
155.4,12.95016,16786.25,0.21005,494.73181
155.6,12.96686,16789.05664,0.21038,494.81451
155.8,12.98343,16788.08008,0.21071,494.78574
156,13.00025,16790.5625,0.21105,494.85889
156.2,13.01682,16790.7207,0.21138,494.86356
156.4,13.03348,16790.98633,0.21171,494.8714
156.6,13.05024,16794.48828,0.21205,494.97461
156.8,13.06675,16792.38477,0.21238,494.9126
157,13.08345,16795.17969,0.21271,494.99496
157.2,13.10014,16796.10156,0.21305,495.02216
157.4,13.11687,16798.14062,0.21338,495.08224
157.6,13.1335,16797.75,0.21372,495.07074
157.8,13.15019,16799.0918,0.21405,495.11029
158,13.16689,16799.01758,0.21438,495.10809
158.2,13.18355,16799.64258,0.21472,495.1265
158.4,13.20012,16800.1875,0.21505,495.14258
158.6,13.21682,16801.94336,0.21538,495.19431
158.8,13.23345,16804.32031,0.21571,495.26437
159,13.25009,16803.24609,0.21605,495.23273
159.2,13.26687,16805.95898,0.21638,495.31268
159.4,13.28351,16805.41992,0.21672,495.29678
159.6,13.3002,16807.17383,0.21705,495.34848
159.8,13.3168,16807.10547,0.21738,495.34647
160,13.33353,16808.1582,0.21772,495.37747
160.2,13.35019,16809.29883,0.21805,495.4111
160.4,13.36686,16809.21289,0.21838,495.40857
160.6,13.38346,16810.73242,0.21871,495.45334
160.8,13.40018,16812.67969,0.21905,495.51074
161,13.41682,16811.85156,0.21938,495.48633
161.2,13.43351,16812.35156,0.21972,495.50107
161.4,13.45015,16814.90625,0.22005,495.57635
161.6,13.46681,16814.00391,0.22038,495.54977
161.8,13.4835,16816.52734,0.22072,495.62415
162,13.50014,16816.1543,0.22105,495.61316
162.2,13.51689,16816.98828,0.22138,495.63773
162.4,13.53359,16819.91602,0.22172,495.72403
162.6,13.55013,16816.50781,0.22205,495.62357
162.8,13.56679,16819.72656,0.22238,495.71844
163,13.58349,16819.95508,0.22271,495.72516
163.2,13.60018,16822.00195,0.22305,495.78549
163.4,13.61679,16821.72461,0.22338,495.77731
163.6,13.63351,16823.17773,0.22372,495.82016
163.8,13.65024,16823.5918,0.22405,495.83234
164,13.66684,16824.14062,0.22438,495.84851
164.2,13.68347,16822.88086,0.22471,495.8114
164.4,13.70023,16824.98047,0.22505,495.87329
164.6,13.7168,16825.79297,0.22538,495.89722
164.8,13.73349,16825.86133,0.22572,495.89923
165,13.7501,16828.03125,0.22605,495.9632
165.2,13.76682,16828.10352,0.22638,495.96533
165.4,13.78355,16829.17188,0.22672,495.9968
165.6,13.80009,16828.95508,0.22705,495.99042
165.8,13.81685,16830.34375,0.22738,496.03134
166,13.83351,16830.5332,0.22772,496.03693
166.2,13.85017,16830.47852,0.22805,496.03531
166.4,13.86684,16832.29297,0.22838,496.08881
166.6,13.88353,16833.54688,0.22872,496.12576
166.8,13.90017,16831.6582,0.22905,496.0701
167,13.91686,16833.82227,0.22938,496.13388
167.2,13.93346,16834.56836,0.22971,496.15585
167.4,13.95019,16834.05273,0.23005,496.14066
167.6,13.96679,16835.99414,0.23038,496.19788
167.8,13.98346,16835.0293,0.23071,496.16943
168,14.00021,16837.10156,0.23105,496.23053
168.2,14.01681,16837.98047,0.23138,496.25641
168.4,14.03357,16836.92188,0.23172,496.22522
168.6,14.05014,16837.11328,0.23205,496.23087
168.8,14.06684,16838.25977,0.23238,496.26465
169,14.0835,16839.75586,0.23272,496.30875
169.2,14.10007,16839.83594,0.23305,496.3111
169.4,14.1168,16840.52734,0.23338,496.33148
169.6,14.13358,16842.24414,0.23372,496.38208
169.8,14.15013,16841.45703,0.23405,496.35889
170,14.16679,16841.04492,0.23438,496.34674
170.2,14.18357,16844.27344,0.23472,496.44189
170.4,14.20012,16841.27148,0.23505,496.35342
170.6,14.21693,16843.46484,0.23538,496.41806
170.8,14.23345,16843.54883,0.23571,496.42053
171,14.25014,16843.99023,0.23605,496.43353
171.2,14.26684,16845.88281,0.23638,496.48932
171.4,14.28347,16844.96094,0.23671,496.46216
171.6,14.30019,16846.63281,0.23705,496.51141
171.8,14.31686,16846.4043,0.23738,496.5047
172,14.33343,16846.23438,0.23771,496.49969
172.2,14.35019,16847.79883,0.23805,496.54578
172.4,14.36685,16848.4375,0.23838,496.56461
172.6,14.38354,16846.43555,0.23872,496.50562
172.8,14.40024,16848.88672,0.23905,496.57785
173,14.41678,16847.96484,0.23938,496.55069
173.2,14.43357,16849.34375,0.23972,496.59131
173.4,14.45008,16849.63867,0.24005,496.60001
173.6,14.46674,16849.21484,0.24038,496.58752
173.8,14.48353,16852.16211,0.24072,496.67438
174,14.5001,16850.76367,0.24105,496.63318
174.2,14.51686,16851.37109,0.24138,496.65106
174.4,14.53352,16851.56445,0.24172,496.65677
174.6,14.55021,16851.46875,0.24205,496.65396
174.8,14.56685,16851.0957,0.24238,496.64294
175,14.58351,16851.91602,0.24272,496.66714
175.2,14.60012,16852.88867,0.24305,496.6958
175.4,14.61684,16854.79688,0.24338,496.75204
175.6,14.63344,16853.84766,0.24371,496.72406
175.8,14.65014,16852.70703,0.24405,496.69046
176,14.66686,16856.0625,0.24438,496.78934
176.2,14.68344,16852.80859,0.24471,496.69345
176.4,14.70019,16855.55078,0.24505,496.77426
176.6,14.71679,16854.79883,0.24538,496.75211
176.8,14.73355,16854.79297,0.24572,496.75192
177,14.75018,16856.29883,0.24605,496.7963
177.2,14.76682,16855.71094,0.24638,496.77899
177.4,14.78351,16857.12305,0.24672,496.82059
177.6,14.80024,16857.23438,0.24705,496.82388
177.8,14.81678,16855.77148,0.24738,496.78076
178,14.8335,16857.05078,0.24772,496.81848
178.2,14.85017,16858.44727,0.24805,496.85962
178.4,14.86683,16856.92188,0.24838,496.81467
178.6,14.88353,16859.375,0.24872,496.88696
178.8,14.90016,16857.91992,0.24905,496.84409
179,14.917,16859.05664,0.24939,496.87759
179.2,14.93346,16856.80859,0.24971,496.81134
179.4,14.95009,16857.83398,0.25005,496.84155
179.6,14.96685,16860.10742,0.25038,496.90857
179.8,14.98345,16858.33008,0.25071,496.85617
180,15.00014,16860.25781,0.25105,496.91299
180.2,15.01681,16859.01758,0.25138,496.87643
180.4,15.03353,16860.35938,0.25172,496.91599
180.6,15.05019,16859.3418,0.25205,496.88599
180.8,15.06686,16859.1582,0.25238,496.88058
181,15.08346,16858.62109,0.25271,496.86475
181.2,15.10019,16860.20117,0.25305,496.91132
181.4,15.11676,16859.5625,0.25338,496.89249
181.6,15.13346,16860.10156,0.25371,496.90839
181.8,15.15015,16861.5332,0.25405,496.95056
182,15.16681,16859.07617,0.25438,496.87817
182.2,15.18354,16862.53906,0.25472,496.98022
182.4,15.20008,16860.07617,0.25505,496.90762
182.6,15.21687,16861.45898,0.25538,496.94839
182.8,15.2335,16861.33008,0.25572,496.94458
183,15.25023,16860.82422,0.25605,496.92969
183.2,15.26683,16861.91797,0.25638,496.96191
183.4,15.28358,16861.77539,0.25672,496.9577
183.6,15.30013,16860.24219,0.25705,496.91254
183.8,15.31679,16861.43359,0.25738,496.94763
184,15.33348,16861.76758,0.25771,496.95749
184.2,15.35015,16861.22266,0.25805,496.94144
184.4,15.36681,16863.23828,0.25838,497.00082
184.6,15.38345,16861.27734,0.25871,496.94302
184.8,15.40029,16863.83008,0.25905,497.01828
185,15.4168,16860.28711,0.25938,496.91385
185.2,15.43353,16860.72852,0.25972,496.92685
185.4,15.45016,16862.93164,0.26005,496.99179
185.6,15.4668,16860.70312,0.26038,496.92612
185.8,15.48349,16862.71875,0.26071,496.9855
186,15.50013,16862.10547,0.26105,496.96744
186.2,15.51688,16863.1875,0.26138,496.99933
186.4,15.53348,16861.20703,0.26171,496.94095
186.6,15.55018,16861.98047,0.26205,496.96375
186.8,15.56684,16861.17969,0.26238,496.94016
187,15.58354,16862.01758,0.26272,496.96484
187.2,15.60014,16860.11914,0.26305,496.90891
187.4,15.61686,16861.70312,0.26338,496.9556
187.6,15.63347,16861.58398,0.26371,496.95209
187.8,15.65019,16860.4082,0.26405,496.91742
188,15.66677,16861.9082,0.26438,496.96164
188.2,15.68346,16860.68359,0.26471,496.92554
188.4,15.70021,16862.41016,0.26505,496.97641
188.6,15.71679,16860.97266,0.26538,496.93405
188.8,15.73351,16861.39453,0.26572,496.9465
189,15.75015,16860.94336,0.26605,496.9332
189.2,15.76696,16861.54688,0.26638,496.95099
189.4,15.78353,16859.64453,0.26672,496.8949
189.6,15.80014,16860.27734,0.26705,496.91357
189.8,15.81686,16860.60352,0.26738,496.92319
190,15.8335,16859.95312,0.26772,496.90402
190.2,15.85007,16859.94922,0.26805,496.9039
190.4,15.86682,16859.57031,0.26838,496.89273
190.6,15.88358,16862.41992,0.26872,496.97672
190.8,15.90012,16857.95898,0.26905,496.84525
191,15.91691,16859.46289,0.26938,496.88956
191.2,15.93345,16858.70508,0.26971,496.86722
191.4,15.95024,16858.23633,0.27005,496.85342
191.6,15.96684,16859.14258,0.27038,496.88013
191.8,15.98347,16858.31641,0.27071,496.85577
192,16.00017,16859.17578,0.27105,496.8811
192.2,16.0168,16856.7793,0.27138,496.81046
192.4,16.03349,16858.66602,0.27172,496.86606
192.6,16.05016,16856.77734,0.27205,496.81039
192.8,16.06679,16857.57617,0.27238,496.83395
193,16.08346,16856.10156,0.27271,496.7905
193.2,16.10018,16856.85156,0.27305,496.81259
193.4,16.11679,16856.36914,0.27338,496.79837
193.6,16.1336,16855.74414,0.27372,496.77997
193.8,16.15011,16855.54688,0.27405,496.77414
194,16.16681,16855.11523,0.27438,496.76141
194.2,16.18356,16856.625,0.27472,496.80591
194.4,16.20008,16853.17578,0.27505,496.70425
194.6,16.21686,16856.08398,0.27538,496.78998
194.8,16.23346,16854.84766,0.27571,496.75354
195,16.25022,16855.72656,0.27605,496.77945
195.2,16.26688,16853.50977,0.27638,496.71411
195.4,16.28352,16852.81641,0.27672,496.69366
195.6,16.30021,16853.0918,0.27705,496.70178
195.8,16.31688,16852.7832,0.27738,496.69269
196,16.33342,16851.28711,0.27771,496.64859
196.2,16.35017,16851.95117,0.27805,496.66818
196.4,16.36681,16852.70117,0.27838,496.69028
196.6,16.38347,16850.06836,0.27871,496.61267
196.8,16.40022,16851.23242,0.27905,496.64697
197,16.4168,16849.42188,0.27938,496.59363
197.2,16.43355,16849.66602,0.27972,496.60083
197.4,16.45016,16848.70508,0.28005,496.57251
197.6,16.46685,16848.42773,0.28038,496.56433
197.8,16.48355,16849.78906,0.28072,496.60446
198,16.50018,16847.26758,0.28105,496.53012
198.2,16.51678,16847.55273,0.28138,496.53854
198.4,16.53354,16847.7168,0.28172,496.54337
198.6,16.55014,16845.73438,0.28205,496.48495
198.8,16.56684,16844.98047,0.28238,496.46274
199,16.58353,16846.47852,0.28272,496.50687
199.2,16.6001,16843.56641,0.28305,496.42105
199.4,16.61689,16845.27344,0.28338,496.47137
199.6,16.63349,16843.20508,0.28371,496.4104
199.8,16.65022,16842.89648,0.28405,496.40131
200,16.66691,16843.59961,0.28438,496.42203
200.2,16.68342,16840.55859,0.28471,496.3324
200.4,16.70012,16841.85938,0.28505,496.37073
200.6,16.71678,16840.21094,0.28538,496.32214
200.8,16.73354,16841.6582,0.28572,496.36481
201,16.75017,16839.58398,0.28605,496.30368
201.2,16.76683,16838.74805,0.28638,496.27905
201.4,16.78359,16838.49414,0.28672,496.27155
201.6,16.80025,16837.70508,0.28705,496.24829
201.8,16.81676,16835.05664,0.28738,496.17026
202,16.83355,16836.10156,0.28772,496.20105
202.2,16.85015,16836.04883,0.28805,496.19949
202.4,16.86676,16833.40039,0.28838,496.12143
202.6,16.88351,16835.41211,0.28872,496.18073
202.8,16.90015,16832.10156,0.28905,496.08316
203,16.9169,16833.12695,0.28938,496.11337
203.2,16.93348,16831.31836,0.28971,496.06006
203.4,16.95017,16830.11328,0.29005,496.02457
203.6,16.96683,16830.13281,0.29038,496.02512
203.8,16.98353,16828.28125,0.29072,495.97055
204,17.00016,16828.2207,0.29105,495.96878
204.2,17.01685,16828.06836,0.29138,495.96429
204.4,17.03349,16825.51172,0.29171,495.88895
204.6,17.05015,16824.71289,0.29205,495.86539
204.8,17.06682,16826.12695,0.29238,495.90707
205,17.08345,16822.5625,0.29271,495.802
205.2,17.10018,16824.14062,0.29305,495.84851
205.4,17.11681,16820.93945,0.29338,495.75418
205.6,17.13353,16821.27344,0.29372,495.76401
205.8,17.15023,16821.06641,0.29405,495.75793
206,17.16686,16817.52148,0.29438,495.65344
206.2,17.18347,16817.29883,0.29471,495.64688
206.4,17.20013,16815.91797,0.29505,495.60617
206.6,17.21679,16815.81445,0.29538,495.60312
206.8,17.23343,16815.37305,0.29571,495.59012
207,17.25015,16813.62891,0.29605,495.53873
207.2,17.26694,16813.62891,0.29638,495.53873
207.4,17.28351,16810.92578,0.29672,495.45905
207.6,17.30011,16808.75,0.29705,495.39493
207.8,17.3169,16809.4043,0.29738,495.41422
208,17.33347,16807.24414,0.29771,495.35056
208.2,17.3502,16805.97461,0.29805,495.31314
208.4,17.3668,16806.17578,0.29838,495.31906
208.6,17.38346,16803.44727,0.29871,495.23865
208.8,17.40016,16803.51562,0.29905,495.24066
209,17.41679,16801.34766,0.29938,495.17676
209.2,17.43352,16800.39453,0.29972,495.14868
209.4,17.45018,16799.10938,0.30005,495.11078
209.6,17.46682,16796.97461,0.30038,495.04788
209.8,17.48351,16795.99414,0.30072,495.01898
210,17.50017,16794.93555,0.30105,494.98779
210.2,17.5169,16792.23828,0.30138,494.90829
210.4,17.53353,16791.24609,0.30172,494.87903
210.6,17.5501,16790.13867,0.30205,494.84641
210.8,17.56689,16788.12109,0.30238,494.78696
211,17.58346,16787.6543,0.30271,494.77319
211.2,17.60016,16785.39453,0.30305,494.70657
211.4,17.61691,16785.15234,0.30338,494.69943
211.6,17.63348,16783.07812,0.30371,494.63831
211.8,17.65021,16780.05078,0.30405,494.5491
212,17.66681,16778.00977,0.30438,494.48892
212.2,17.68351,16776.44922,0.30472,494.44293
212.4,17.70017,16774.63281,0.30505,494.3894
212.6,17.71675,16773.21289,0.30538,494.34756
212.8,17.73344,16771.92969,0.30571,494.30975
213,17.75022,16771.67578,0.30605,494.30225
213.2,17.76677,16767.62109,0.30638,494.18277
213.4,17.78352,16765.73633,0.30672,494.1272
213.6,17.80021,16765.48047,0.30705,494.11966
213.8,17.81679,16760.45117,0.30738,493.97144
214,17.83357,16760.45117,0.30772,493.97144
214.2,17.85015,16759.13672,0.30805,493.93271
214.4,17.86687,16755.90039,0.30838,493.83731
214.6,17.88354,16754.50977,0.30872,493.79633
214.8,17.90011,16751.12305,0.30905,493.69653
215,17.91683,16750.51953,0.30938,493.67874
215.2,17.93353,16747.23828,0.30972,493.58203
215.4,17.9501,16744.81445,0.31005,493.51059
215.6,17.96686,16743.05859,0.31038,493.45883
215.8,17.98349,16741.08789,0.31071,493.40076
216,18.00019,16737.34375,0.31105,493.29041
216.2,18.01691,16736.69531,0.31138,493.2713
216.4,18.03345,16731.38672,0.31171,493.11484
216.6,18.05033,16730.44922,0.31205,493.08722
216.8,18.06675,16726.23828,0.31238,492.9631
217,18.08341,16723.9375,0.31271,492.89529
217.2,18.10017,16723.03711,0.31305,492.86874
217.4,18.11677,16718.63867,0.31338,492.73914
217.6,18.13353,16717.19922,0.31372,492.69672
217.8,18.15019,16713.41602,0.31405,492.58521
218,18.16689,16710.46289,0.31438,492.49817
218.2,18.18352,16705.77148,0.31472,492.35989
218.4,18.20015,16702.94336,0.31505,492.27655
218.6,18.21682,16700.62109,0.31538,492.2081
218.8,18.23351,16698.75586,0.31572,492.15314
219,18.25009,16693.87305,0.31605,492.00922
219.2,18.26681,16690.89648,0.31638,491.92151
219.4,18.28353,16688.63477,0.31672,491.85483
219.6,18.30014,16681.57031,0.31705,491.64664
219.8,18.31686,16681.89844,0.31738,491.65631
220,18.33344,16676.26562,0.31771,491.4903
220.2,18.35022,16672.32617,0.31805,491.37418
220.4,18.36685,16669.32617,0.31838,491.28577
220.6,18.38352,16663.96094,0.31872,491.12762
220.8,18.40018,16661.7793,0.31905,491.06335
221,18.41691,16657.69141,0.31938,490.94287
221.2,18.43342,16651.34961,0.31971,490.75595
221.4,18.45017,16648.67773,0.32005,490.67722
221.6,18.46684,16644.25195,0.32038,490.54675
221.8,18.4835,16639.9043,0.32072,490.41864
222,18.5002,16636.47656,0.32105,490.3176
222.2,18.51677,16629.65039,0.32138,490.11642
222.4,18.53367,16626.78906,0.32172,490.0321
222.6,18.55016,16619.33984,0.32205,489.81256
222.8,18.56679,16614.24414,0.32238,489.66235
223,18.58346,16610.45312,0.32271,489.55063
223.2,18.60015,16604.59375,0.32305,489.37793
223.4,18.61684,16600.17188,0.32338,489.24762
223.6,18.63345,16594.06641,0.32371,489.06769
223.8,18.65023,16590.48438,0.32405,488.9621
224,18.66684,16581.88477,0.32438,488.70865
224.2,18.6835,16577.28906,0.32472,488.57321
224.4,18.70016,16570.56445,0.32505,488.37503
224.6,18.71686,16565.34766,0.32538,488.22125
224.8,18.73346,16557.49805,0.32571,487.98993
225,18.75015,16552.59766,0.32605,487.84549
225.2,18.76682,16547.06836,0.32638,487.68253
225.4,18.78348,16537.36914,0.32671,487.39667
225.6,18.80015,16533.98438,0.32705,487.29691
225.8,18.81678,16525.20508,0.32738,487.03818
226,18.83354,16519.42578,0.32772,486.86783
226.2,18.85014,16511.75781,0.32805,486.64185
226.4,18.86687,16504.05469,0.32838,486.41483
226.6,18.8835,16496.91016,0.32872,486.20425
226.8,18.90028,16489.24805,0.32905,485.97842
227,18.91683,16480.48242,0.32938,485.72009
227.2,18.93343,16473.09766,0.32971,485.50244
227.4,18.95019,16466.2832,0.33005,485.30161
227.6,18.96682,16457.23828,0.33038,485.035
227.8,18.98348,16450.12109,0.33071,484.82526
228,19.00009,16439.11719,0.33105,484.50095
228.2,19.01696,16434.28906,0.33138,484.35864
228.4,19.03345,16421.2832,0.33171,483.97534
228.6,19.05017,16412.49219,0.33205,483.71625
228.8,19.06684,16404.79102,0.33238,483.48926
229,19.0835,16393.31836,0.33272,483.15115
229.2,19.10016,16386.44727,0.33305,482.94864
229.4,19.11677,16375.74023,0.33338,482.63306
229.6,19.13355,16366.88379,0.33372,482.37204
229.8,19.15015,16354.24023,0.33405,481.99942
230,19.16679,16344.69824,0.33438,481.7182
230.2,19.18351,16335.2373,0.33472,481.43936
230.4,19.20018,16324.62695,0.33505,481.12665
230.6,19.21681,16311.75977,0.33538,480.74741
230.8,19.23357,16302.37402,0.33572,480.47079
231,19.25017,16291.08594,0.33605,480.13809
231.2,19.26689,16278.71582,0.33638,479.77353
231.4,19.28344,16269.44531,0.33671,479.50031
231.6,19.3001,16255.88281,0.33705,479.10059
231.8,19.31688,16245.94336,0.33738,478.80765
232,19.33346,16232.18555,0.33771,478.40216
232.2,19.35015,16220.2793,0.33805,478.05127
232.4,19.36679,16207.94043,0.33838,477.68759
232.6,19.38363,16196.50293,0.33872,477.35049
232.8,19.40021,16181.20703,0.33905,476.89969
233,19.41684,16169.36816,0.33938,476.55078
233.2,19.43353,16155.49609,0.33972,476.14194
233.4,19.45014,16142.21191,0.34005,475.75043
233.6,19.46674,16128.52539,0.34038,475.34705
233.8,19.48353,16114.75781,0.34072,474.94128
234,19.50019,16102.65527,0.34105,474.58459
234.2,19.51679,16085.2002,0.34138,474.07016
234.4,19.53355,16072.7041,0.34172,473.70184
234.6,19.55012,16057.41406,0.34205,473.25122
234.8,19.5669,16040.8125,0.34238,472.76193
235,19.58351,16027.66211,0.34272,472.37436
235.2,19.60017,16011.74902,0.34305,471.90536
235.4,19.61684,15996.61523,0.34338,471.45932
235.6,19.63347,15979.88281,0.34371,470.96619
235.8,19.65017,15964.98828,0.34405,470.52722
236,19.66689,15948.49414,0.34438,470.04108
236.2,19.68346,15931.29297,0.34471,469.53412
236.4,19.70016,15914.31641,0.34505,469.03378
236.6,19.71685,15899.11914,0.34538,468.58588
236.8,19.73346,15880.35254,0.34571,468.03278
237,19.75027,15863.86523,0.34605,467.54688
237.2,19.76681,15845.62793,0.34638,467.00937
237.4,19.78354,15828.14941,0.34672,466.49423
237.6,19.80026,15811.26562,0.34705,465.99661
237.8,19.81672,15790.18945,0.34738,465.37546
238,19.83347,15774.25586,0.34771,464.90585
238.2,19.85011,15753.77246,0.34805,464.30215
238.4,19.86689,15736.09961,0.34838,463.78131
238.6,19.88349,15715.85645,0.34871,463.18469
238.8,19.90013,15695.86816,0.34905,462.59558
239,19.91694,15676.82617,0.34938,462.03436
239.2,19.93358,15655.46582,0.34972,461.40482
239.4,19.95009,15634.92383,0.35005,460.79941
239.6,19.96687,15614.85645,0.35038,460.20798
239.8,19.98345,15594.74316,0.35071,459.61517
240,20.00011,15572.25098,0.35105,458.95227
240.2,20.0169,15552.26855,0.35138,458.36334
240.4,20.03347,15529.0957,0.35171,457.68039
240.6,20.05022,15507.09863,0.35205,457.03207
240.8,20.0668,15484.66211,0.35238,456.37082
241,20.08349,15461.17188,0.35271,455.6785
241.2,20.10019,15438.91895,0.35305,455.02264
241.4,20.11688,15414.9668,0.35338,454.31674
241.6,20.13345,15391.5752,0.35371,453.62732
241.8,20.15021,15368.70703,0.35405,452.95334
242,20.16681,15341.99414,0.35438,452.16605
242.2,20.18351,15318.22949,0.35472,451.46564
242.4,20.20017,15294.39062,0.35505,450.76306
242.6,20.21677,15267.03809,0.35538,449.95691
242.8,20.23353,15243.62012,0.35572,449.26672
243,20.25016,15215.40625,0.35605,448.43518
243.2,20.26692,15189.7041,0.35638,447.67767
243.4,20.28358,15163.08301,0.35672,446.8931
243.6,20.30013,15134.24219,0.35705,446.04309
243.8,20.31679,15107.97461,0.35738,445.26892
244,20.33348,15079.25195,0.35771,444.42239
244.2,20.35015,15051.76172,0.35805,443.61218
244.4,20.36684,15022.91699,0.35838,442.76205
244.6,20.3835,14993.43555,0.35872,441.89319
244.8,20.40023,14964.47461,0.35905,441.03961
245,20.41689,14933.72168,0.35938,440.13327
245.2,20.43347,14901.50684,0.35971,439.18381
245.4,20.45025,14872.28418,0.36005,438.32254
245.6,20.46683,14839.38281,0.36038,437.35287
245.8,20.48349,14807.90039,0.36071,436.42499
246,20.50018,14777.27637,0.36105,435.52243
246.2,20.51679,14742.10059,0.36138,434.48572
246.4,20.53354,14710.3252,0.36172,433.54922
246.6,20.55012,14675.72461,0.36205,432.52945
246.8,20.56684,14641.73535,0.36238,431.52771
247,20.58353,14607.33984,0.36272,430.51398
247.2,20.6002,14570.08398,0.36305,429.41595
247.4,20.61683,14534.0752,0.36338,428.35471
247.6,20.63356,14498.89258,0.36372,427.31778
247.8,20.65019,14459.16895,0.36405,426.14703
248,20.66685,14423.10059,0.36438,425.08401
248.2,20.68352,14384.9375,0.36472,423.95926
248.4,20.70018,14343.92676,0.36505,422.75055
248.6,20.71682,14305.9834,0.36538,421.63229
248.8,20.73348,14264.39453,0.36571,420.40656
249,20.7502,14224.23828,0.36605,419.22305
249.2,20.76687,14182.49023,0.36638,417.99265
249.4,20.78353,14137.39453,0.36672,416.66354
249.6,20.80017,14095.57617,0.36705,415.43106
249.8,20.81686,14051.1875,0.36738,414.12283
250,20.83349,14006.16211,0.36772,412.79581
250.2,20.85013,13961.9707,0.36805,411.49338
250.4,20.86682,13913.80469,0.36838,410.07382
250.6,20.88358,13867.2207,0.36872,408.70087
250.8,20.90012,13817.89746,0.36905,407.24719
251,20.91682,13767.32617,0.36938,405.75674
251.2,20.93354,13718.84766,0.36972,404.32794
251.4,20.95017,13664.63477,0.37005,402.73016
251.6,20.9669,13613.55176,0.37038,401.22464
251.8,20.9835,13561.09277,0.37072,399.67853
252,21.00017,13504.73047,0.37105,398.0174
252.2,21.01683,13449.49414,0.37138,396.38943
252.4,21.03346,13391.25488,0.37171,394.673
252.6,21.05016,13333.33594,0.37205,392.96597
252.8,21.06688,13274.17383,0.37238,391.22232
253,21.08348,13212.52246,0.37271,389.4053
253.2,21.10018,13150.40137,0.37305,387.57446
253.4,21.11681,13085.99121,0.37338,385.67612
253.6,21.13357,13018.99805,0.37372,383.70169
253.8,21.15023,12952.86523,0.37405,381.75259
254,21.16684,12883.35742,0.37438,379.70401
254.2,21.18359,12810.99805,0.37472,377.57141
254.4,21.20007,12738.26465,0.37505,375.42776
254.6,21.2168,12661.45996,0.37538,373.16415
254.8,21.23352,12585.03809,0.37572,370.9118
255,21.25013,12504.55664,0.37605,368.53983
255.2,21.26688,12422.35254,0.37638,366.11707
255.4,21.28348,12335.61133,0.37671,363.56061
255.6,21.30024,12247.46582,0.37705,360.96274
255.8,21.3169,12153.08203,0.37738,358.18103
256,21.33348,12057.34961,0.37771,355.35956
256.2,21.35014,11954.9502,0.37805,352.34158
256.4,21.36687,11849.64844,0.37838,349.2381
256.6,21.38347,11691.85645,0.37871,344.58759
256.646,21.39188,691.95624,0.37888,20.39364
